Company_ID,Department,Spend,State,Profit
1,R&D,165349.2,"New York",192261.83
1,Administration,136897.8,"New York",192261.83
1,Marketing,471784.1,"New York",192261.83
2,R&D,162597.7,California,191792.06
2,Administration,151377.59,California,191792.06
2,Marketing,443898.53,California,191792.06
3,R&D,153441.51,Florida,191050.39
3,Administration,101145.55,Florida,191050.39
3,Marketing,407934.54,Florida,191050.39
4,R&D,144372.41,"New York",182901.99
4,Administration,118671.85,"New York",182901.99
4,Marketing,383199.62,"New York",182901.99
5,R&D,142107.34,Florida,166187.94
5,Administration,91391.77,Florida,166187.94
5,Marketing,366168.42,Florida,166187.94
6,R&D,131876.9,"New York",156991.12
6,Administration,99814.71,"New York",156991.12
6,Marketing,362861.36,"New York",156991.12
7,R&D,134615.46,California,156122.51
7,Administration,147198.87,California,156122.51
7,Marketing,127716.82,California,156122.51
8,R&D,130298.13,Florida,155752.6
8,Administration,145530.06,Florida,155752.6
8,Marketing,323876.68,Florida,155752.6
9,R&D,120542.52,"New York",152211.77
9,Administration,148718.95,"New York",152211.77
9,Marketing,311613.29,"New York",152211.77
10,R&D,123334.88,California,149759.96
10,Administration,108679.17,California,149759.96
10,Marketing,304981.62,California,149759.96
11,R&D,101913.08,Florida,146121.95
11,Administration,110594.11,Florida,146121.95
11,Marketing,229160.95,Florida,146121.95
12,R&D,100671.96,California,144259.4
12,Administration,91790.61,California,144259.4
12,Marketing,249744.55,California,144259.4
13,R&D,93863.75,Florida,141585.52
13,Administration,127320.38,Florida,141585.52
13,Marketing,249839.44,Florida,141585.52
14,R&D,91992.39,California,134307.35
14,Administration,135495.07,California,134307.35
14,Marketing,252664.93,California,134307.35
15,R&D,119943.24,Florida,132602.65
15,Administration,156547.42,Florida,132602.65
15,Marketing,256512.92,Florida,132602.65
16,R&D,114523.61,"New York",129917.04
16,Administration,122616.84,"New York",129917.04
16,Marketing,261776.23,"New York",129917.04
17,R&D,78013.11,California,126992.93
17,Administration,121597.55,California,126992.93
17,Marketing,264346.06,California,126992.93
18,R&D,94657.16,"New York",125370.37
18,Administration,145077.58,"New York",125370.37
18,Marketing,282574.31,"New York",125370.37
19,R&D,91749.16,Florida,124266.9
19,Administration,114175.79,Florida,124266.9
19,Marketing,294919.57,Florida,124266.9
20,R&D,86419.7,"New York",122776.86
20,Administration,153514.11,"New York",122776.86
20,Marketing,0,"New York",122776.86
21,R&D,76253.86,California,118474.03
21,Administration,113867.3,California,118474.03
21,Marketing,298664.47,California,118474.03
22,R&D,78389.47,"New York",111313.02
22,Administration,153773.43,"New York",111313.02
22,Marketing,299737.29,"New York",111313.02
23,R&D,73994.56,Florida,110352.25
23,Administration,122782.75,Florida,110352.25
23,Marketing,303319.26,Florida,110352.25
24,R&D,67532.53,Florida,108733.99
24,Administration,105751.03,Florida,108733.99
24,Marketing,304768.73,Florida,108733.99
25,R&D,77044.01,"New York",108552.04
25,Administration,99281.34,"New York",108552.04
25,Marketing,140574.81,"New York",108552.04
26,R&D,64664.71,California,107404.34
26,Administration,139553.16,California,107404.34
26,Marketing,137962.62,California,107404.34
27,R&D,75328.87,Florida,105733.54
27,Administration,144135.98,Florida,105733.54
27,Marketing,134050.07,Florida,105733.54
28,R&D,72107.6,"New York",105008.31
28,Administration,127864.55,"New York",105008.31
28,Marketing,353183.81,"New York",105008.31
29,R&D,66051.52,Florida,103282.38
29,Administration,182645.56,Florida,103282.38
29,Marketing,118148.2,Florida,103282.38
30,R&D,65605.48,"New York",101004.64
30,Administration,153032.06,"New York",101004.64
30,Marketing,107138.38,"New York",101004.64
31,R&D,61994.48,Florida,99937.59
31,Administration,115641.28,Florida,99937.59
31,Marketing,91131.24,Florida,99937.59
32,R&D,61136.38,"New York",97483.56
32,Administration,152701.92,"New York",97483.56
32,Marketing,88218.23,"New York",97483.56
33,R&D,63408.86,California,97427.84
33,Administration,129219.61,California,97427.84
33,Marketing,46085.25,California,97427.84
34,R&D,55493.95,Florida,96778.92
34,Administration,103057.49,Florida,96778.92
34,Marketing,214634.81,Florida,96778.92
35,R&D,46426.07,California,96712.8
35,Administration,157693.92,California,96712.8
35,Marketing,210797.67,California,96712.8
36,R&D,46014.02,"New York",96479.51
36,Administration,85047.44,"New York",96479.51
36,Marketing,205517.64,"New York",96479.51
37,R&D,28663.76,Florida,90708.19
37,Administration,127056.21,Florida,90708.19
37,Marketing,201126.82,Florida,90708.19
38,R&D,44069.95,California,89949.14
38,Administration,51283.14,California,89949.14
38,Marketing,197029.42,California,89949.14
39,R&D,20229.59,"New York",81229.06
39,Administration,65947.93,"New York",81229.06
39,Marketing,185265.1,"New York",81229.06
40,R&D,38558.51,California,81005.76
40,Administration,82982.09,California,81005.76
40,Marketing,174999.3,California,81005.76
41,R&D,28754.33,California,78239.91
41,Administration,118546.05,California,78239.91
41,Marketing,172795.67,California,78239.91
42,R&D,27892.92,Florida,77798.83
42,Administration,84710.77,Florida,77798.83
42,Marketing,164470.71,Florida,77798.83
43,R&D,23640.93,California,71498.49
43,Administration,96189.63,California,71498.49
43,Marketing,148001.11,California,71498.49
44,R&D,15505.73,"New York",69758.98
44,Administration,127382.3,"New York",69758.98
44,Marketing,35534.17,"New York",69758.98
45,R&D,22177.74,California,65200.33
45,Administration,154806.14,California,65200.33
45,Marketing,28334.72,California,65200.33
46,R&D,1000.23,"New York",64926.08
46,Administration,124153.04,"New York",64926.08
46,Marketing,1903.93,"New York",64926.08
47,R&D,1315.46,Florida,49490.75
47,Administration,115816.21,Florida,49490.75
47,Marketing,297114.46,Florida,49490.75
48,R&D,0,California,42559.73
48,Administration,135426.92,California,42559.73
48,Marketing,0,California,42559.73
49,R&D,542.05,"New York",35673.41
49,Administration,51743.15,"New York",35673.41
49,Marketing,0,"New York",35673.41
50,R&D,0,California,14681.4
50,Administration,116983.8,California,14681.4
50,Marketing,45173.06,California,14681.4
51,R&D,87151,"New York",123485.2464
51,Administration,123327.9523,"New York",123485.2464
51,Marketing,236937.1317,"New York",123485.2464
52,R&D,38772,California,82155.48418
52,Administration,116183.1212,California,82155.48418
52,Marketing,143589.7191,California,82155.48418
53,R&D,89939,Florida,125867.0108
53,Administration,123739.6968,Florida,125867.0108
53,Marketing,242316.5853,Florida,125867.0108
54,R&D,65485,"New York",104976.1696
54,Administration,120128.2187,"New York",104976.1696
54,Marketing,195132.5255,"New York",104976.1696
55,R&D,47724,Florida,89803.10053
55,Administration,117505.1933,Florida,89803.10053
55,Marketing,160862.6275,Florida,89803.10053
56,R&D,30744,"New York",75297.23305
56,Administration,114997.5096,"New York",75297.23305
56,Marketing,128099.6711,"New York",75297.23305
57,R&D,76381,California,114284.5283
57,Administration,121737.3896,California,114284.5283
57,Marketing,216156.3873,California,114284.5283
58,R&D,143923,Florida,171985.0761
58,Administration,131712.2998,Florida,171985.0761
58,Marketing,346478.8607,Florida,171985.0761
59,R&D,27280,"New York",72337.96774
59,Administration,114485.9303,"New York",72337.96774
59,Marketing,121415.8737,"New York",72337.96774
60,R&D,141092,California,169566.5772
60,Administration,131294.2049,California,169566.5772
60,Marketing,341016.4385,California,169566.5772
61,R&D,128338,Florida,158670.9451
61,Administration,129410.636,Florida,158670.9451
61,Marketing,316407.5606,Florida,158670.9451
62,R&D,76660,California,114522.8756
62,Administration,121778.5936,California,114522.8756
62,Marketing,216694.7185,California,114522.8756
63,R&D,43088,Florida,85842.60573
63,Administration,116820.5277,Florida,85842.60573
63,Marketing,151917.4528,Florida,85842.60573
64,R&D,60955,California,101106.2297
64,Administration,119459.2077,California,101106.2297
64,Marketing,186391.8781,California,101106.2297
65,R&D,12052,Florida,59328.81874
65,Administration,112236.9898,Florida,59328.81874
65,Marketing,92033.40609,Florida,59328.81874
66,R&D,126549,"New York",157142.6178
66,Administration,129146.4284,"New York",157142.6178
66,Marketing,312955.6803,"New York",157142.6178
67,R&D,22986,California,68669.64059
67,Administration,113851.7728,California,68669.64059
67,Marketing,113130.5889,California,68669.64059
68,R&D,150633,"New York",177717.3712
68,Administration,132703.2632,"New York",177717.3712
68,Marketing,359425.824,"New York",177717.3712
69,R&D,53116,Florida,94409.4396
69,Administration,118301.5084,Florida,94409.4396
69,Marketing,171266.5062,Florida,94409.4396
70,R&D,157923,"New York",183945.1553
70,Administration,133779.8836,"New York",183945.1553
70,Marketing,373491.8989,"New York",183945.1553
71,R&D,39157,California,82484.38635
71,Administration,116239.9797,California,82484.38635
71,Marketing,144332.5776,California,82484.38635
72,R&D,111768,"New York",144515.3371
72,Administration,126963.503,"New York",144515.3371
72,Marketing,284435.7004,"New York",144515.3371
73,R&D,65903,Florida,105333.2634
73,Administration,120189.9508,Florida,105333.2634
73,Marketing,195939.0576,Florida,105333.2634
74,R&D,85800,Florida,122331.0988
74,Administration,123128.4304,Florida,122331.0988
74,Marketing,234330.3735,Florida,122331.0988
75,R&D,139796,"New York",168459.4156
75,Administration,131102.8057,"New York",168459.4156
75,Marketing,338515.8029,"New York",168459.4156
76,R&D,13947,California,60947.70089
76,Administration,112516.8521,California,60947.70089
76,Marketing,95689.81377,California,60947.70089
77,R&D,133094,Florida,162733.9549
77,Administration,130113.0238,Florida,162733.9549
77,Marketing,325584.2756,Florida,162733.9549
78,R&D,155148,"New York",181574.4968
78,Administration,133370.059,"New York",181574.4968
78,Marketing,368137.5289,"New York",181574.4968
79,R&D,28731,Florida,73577.54452
79,Administration,114700.2205,Florida,73577.54452
79,Marketing,124215.5821,Florida,73577.54452
80,R&D,41847,"New York",84782.43014
80,Administration,116637.2512,"New York",84782.43014
80,Marketing,149522.94,"New York",84782.43014
81,R&D,140277,Florida,168870.3298
81,Administration,131173.8419,Florida,168870.3298
81,Marketing,339443.8938,Florida,168870.3298
82,R&D,27595,"New York",72607.06952
82,Administration,114532.4509,"New York",72607.06952
82,Marketing,122023.667,"New York",72607.06952
83,R&D,9078,California,56788.15621
83,Administration,111797.776,California,56788.15621
83,Marketing,86295.06497,California,56788.15621
84,R&D,21586,Florida,67473.63267
84,Administration,113645.0144,Florida,67473.63267
84,Marketing,110429.2851,Florida,67473.63267
85,R&D,4330,California,52731.98078
85,Administration,111096.5697,California,52731.98078
85,Marketing,77133.786,California,52731.98078
86,R&D,106761,"New York",140237.9002
86,Administration,126224.0464,"New York",140237.9002
86,Marketing,274774.6802,"New York",140237.9002
87,R&D,137618,Florida,166598.769
87,Administration,130781.1487,Florida,166598.769
87,Marketing,334313.346,Florida,166598.769
88,R&D,63161,California,102990.7964
88,Administration,119784.9998,California,102990.7964
88,Marketing,190648.3612,California,102990.7964
89,R&D,34384,"New York",78406.85364
89,Administration,115535.0813,"New York",78406.85364
89,Marketing,135123.0611,"New York",78406.85364
90,R&D,73431,California,111764.3688
90,Administration,121301.7202,California,111764.3688
90,Marketing,210464.3542,California,111764.3688
91,R&D,17125,California,63662.63887
91,Administration,112986.1936,California,63662.63887
91,Marketing,101821.7734,California,63662.63887
92,R&D,109497,Florida,142575.2414
92,Administration,126628.1113,Florida,142575.2414
92,Marketing,280053.7997,Florida,142575.2414
93,R&D,78366,California,115980.2967
93,Administration,122030.5434,California,115980.2967
93,Marketing,219986.4502,California,115980.2967
94,R&D,98190,"New York",132915.7689
94,Administration,124958.2421,"New York",132915.7689
94,Marketing,258236.9123,"New York",132915.7689
95,R&D,125158,California,155954.2985
95,Administration,128940.9992,California,155954.2985
95,Marketing,310271.742,California,155954.2985
96,R&D,138570,"New York",167412.0544
96,Administration,130921.7444,"New York",167412.0544
96,Marketing,336150.2326,"New York",167412.0544
97,R&D,46445,Florida,88710.46186
97,Administration,117316.3048,Florida,88710.46186
97,Marketing,158394.7935,Florida,88710.46186
98,R&D,134739,California,164139.2642
98,Administration,130355.9649,California,164139.2642
98,Marketing,328758.3076,California,164139.2642
99,R&D,96620,"New York",131574.5314
99,Administration,124726.3773,"New York",131574.5314
99,Marketing,255207.593,"New York",131574.5314
100,R&D,140797,California,169314.5613
100,Administration,131250.6379,California,169314.5613
100,Marketing,340447.2352,California,169314.5613
101,R&D,44017,"New York",86636.24242
101,Administration,116957.7267,"New York",86636.24242
101,Marketing,153709.9609,"New York",86636.24242
102,R&D,150342,California,177468.7724
102,Administration,132660.287,California,177468.7724
102,Marketing,358864.3387,California,177468.7724
103,R&D,127529,Florida,157979.8234
103,Administration,129291.1592,Florida,157979.8234
103,Marketing,314846.5929,Florida,157979.8234
104,R&D,9261,"New York",56944.49153
104,Administration,111824.8023,"New York",56944.49153
104,Marketing,86648.16397,"New York",56944.49153
105,R&D,57905,Florida,98500.64098
105,Administration,119008.7698,Florida,98500.64098
105,Marketing,180506.8948,Florida,98500.64098
106,R&D,44699,"New York",87218.86913
106,Administration,117058.4475,"New York",87218.86913
106,Marketing,155025.8817,"New York",87218.86913
107,R&D,151853,California,178759.6067
107,Administration,132883.4384,California,178759.6067
107,Marketing,361779.8174,California,178759.6067
108,R&D,61613,Florida,101668.3534
108,Administration,119556.3841,Florida,101668.3534
108,Marketing,187661.4909,Florida,101668.3534
109,R&D,120275,"New York",151782.7938
109,Administration,128219.8555,"New York",151782.7938
109,Marketing,300849.9801,"New York",151782.7938
110,R&D,23224,California,68872.96194
110,Administration,113886.9217,California,68872.96194
110,Marketing,113589.8106,California,68872.96194
111,R&D,105331,Florida,139016.2635
111,Administration,126012.8575,Florida,139016.2635
111,Marketing,272015.4913,Florida,139016.2635
112,R&D,23501,California,69109.60065
112,Administration,113927.8303,California,69109.60065
112,Marketing,114124.2829,California,69109.60065
113,R&D,7092,Florida,55091.53354
113,Administration,111504.4745,Florida,55091.53354
113,Marketing,82463.07255,Florida,55091.53354
114,R&D,102136,California,136286.8026
114,Administration,125541.0053,California,136286.8026
114,Marketing,265850.7301,California,136286.8026
115,R&D,85772,Florida,122307.1786
115,Administration,123124.2953,Florida,122307.1786
115,Marketing,234276.3474,Florida,122307.1786
116,R&D,123288,"New York",154356.7737
116,Administration,128664.829,"New York",154356.7737
116,Marketing,306663.5719,"New York",154356.7737
117,R&D,76992,California,114806.5004
117,Administration,121827.6249,California,114806.5004
117,Marketing,217335.3134,California,114806.5004
118,R&D,7715,"New York",55623.75707
118,Administration,111596.4819,"New York",55623.75707
118,Marketing,83665.15275,"New York",55623.75707
119,R&D,29104,Florida,73896.1952
119,Administration,114755.3069,Florida,73896.1952
119,Marketing,124935.2867,Florida,73896.1952
120,R&D,144996,"New York",172901.7308
120,Administration,131870.7654,"New York",172901.7308
120,Marketing,348549.2171,"New York",172901.7308
121,R&D,94169,California,129480.6633
121,Administration,124364.4025,California,129480.6633
121,Marketing,250478.3818,California,129480.6633
122,R&D,78261,"New York",115890.5961
122,Administration,122015.0366,"New York",115890.5961
122,Marketing,219783.8524,"New York",115890.5961
123,R&D,140902,Florida,169404.2619
123,Administration,131266.1448,Florida,169404.2619
123,Marketing,340649.833,Florida,169404.2619
124,R&D,131845,Florida,161666.9449
124,Administration,129928.5658,Florida,161666.9449
124,Marketing,323174.3267,Florida,161666.9449
125,R&D,1269,"New York",50116.99489
125,Administration,110644.5073,"New York",50116.99489
125,Marketing,71227.57814,"New York",50116.99489
126,R&D,43990,California,86613.17655
126,Administration,116953.7392,California,86613.17655
126,Marketing,153657.8643,California,86613.17655
127,R&D,49875,Florida,91640.68127
127,Administration,117822.8628,Florida,91640.68127
127,Marketing,165012.9879,Florida,91640.68127
128,R&D,105070,"New York",138793.2935
128,Administration,125974.3118,"New York",138793.2935
128,Marketing,271511.8911,"New York",138793.2935
129,R&D,93591,Florida,128986.8828
129,Administration,124279.0408,Florida,128986.8828
129,Marketing,249363.1293,Florida,128986.8828
130,R&D,73077,"New York",111461.9497
130,Administration,121249.4398,"New York",111461.9497
130,Marketing,209781.3102,"New York",111461.9497
131,R&D,94548,Florida,129804.4397
131,Administration,124420.3749,Florida,129804.4397
131,Marketing,251209.6634,Florida,129804.4397
132,R&D,151956,"New York",178847.5987
132,Administration,132898.6499,"New York",178847.5987
132,Marketing,361978.5561,"New York",178847.5987
133,R&D,60864,California,101028.4891
133,Administration,119445.7684,California,101028.4891
133,Marketing,186216.2934,California,101028.4891
134,R&D,102790,Florida,136845.5092
134,Administration,125637.591,Florida,136845.5092
134,Marketing,267112.6249,Florida,136845.5092
135,R&D,53315,California,94579.44358
135,Administration,118330.8977,California,94579.44358
135,Marketing,171650.4773,California,94579.44358
136,R&D,116723,"New York",148748.3508
136,Administration,127695.2799,"New York",148748.3508
136,Marketing,293996.3864,"New York",148748.3508
137,R&D,49288,Florida,91139.21223
137,Administration,117736.1719,Florida,91139.21223
137,Marketing,163880.3698,Florida,91139.21223
138,R&D,145513,California,173343.3994
138,Administration,131947.1183,California,173343.3994
138,Marketing,349546.77,California,173343.3994
139,R&D,148513,"New York",175906.2735
139,Administration,132390.1719,"New York",175906.2735
139,Marketing,355335.2782,"New York",175906.2735
140,R&D,74741,California,112883.4905
140,Administration,121495.1869,California,112883.4905
140,Marketing,212992.0028,California,112883.4905
141,R&D,104234,California,138079.1059
141,Administration,125850.8475,California,138079.1059
141,Marketing,269898.8268,California,138079.1059
142,R&D,34715,Florida,78689.62408
142,Administration,115583.9649,Florida,78689.62408
142,Marketing,135761.7265,Florida,78689.62408
143,R&D,107457,California,140832.487
143,Administration,126326.8348,California,140832.487
143,Marketing,276117.6141,California,140832.487
144,R&D,156016,"New York",182316.0217
144,Administration,133498.2492,"New York",182316.0217
144,Marketing,369812.3372,"New York",182316.0217
145,R&D,93879,California,129232.9188
145,Administration,124321.5739,California,129232.9188
145,Marketing,249918.826,California,129232.9188
146,R&D,121139,"New York",152520.9015
146,Administration,128347.4549,"New York",152520.9015
146,Marketing,302517.0705,"New York",152520.9015
147,R&D,99283,Florida,133849.5093
147,Administration,125119.6613,Florida,133849.5093
147,Marketing,260345.8588,Florida,133849.5093
148,R&D,140934,California,169431.5992
148,Administration,131270.8707,California,169431.5992
148,Marketing,340711.577,California,169431.5992
149,R&D,70585,"New York",109333.0556
149,Administration,120881.4099,"New York",109333.0556
149,Marketing,204972.9894,"New York",109333.0556
150,R&D,84834,California,121505.8533
150,Administration,122985.7671,California,121505.8533
150,Marketing,232466.4738,California,121505.8533
151,R&D,70098,"New York",108917.0157
151,Administration,120809.4875,"New York",108917.0157
151,Marketing,204033.3216,"New York",108917.0157
152,R&D,140809,California,169324.8128
152,Administration,131252.4101,California,169324.8128
152,Marketing,340470.3892,California,169324.8128
153,R&D,131560,Florida,161423.4719
153,Administration,129886.4757,Florida,161423.4719
153,Marketing,322624.4184,Florida,161423.4719
154,R&D,143330,"New York",171478.4813
154,Administration,131624.7229,"New York",171478.4813
154,Marketing,345334.6656,"New York",171478.4813
155,R&D,103756,Florida,137670.7546
155,Administration,125780.2543,Florida,137670.7546
155,Marketing,268976.5245,Florida,137670.7546
156,R&D,66195,"New York",105582.7164
156,Administration,120233.0747,"New York",105582.7164
156,Marketing,196502.4724,"New York",105582.7164
157,R&D,108206,California,141472.3512
157,Administration,126437.4506,California,141472.3512
157,Marketing,277562.8117,California,141472.3512
158,R&D,141099,Florida,169572.5573
158,Administration,131295.2386,Florida,169572.5573
158,Marketing,341029.945,Florida,169572.5573
159,R&D,91258,"New York",126993.8211
159,Administration,123934.4927,"New York",126993.8211
159,Marketing,244861.5994,"New York",126993.8211
160,R&D,82771,California,119743.4502
160,Administration,122681.0939,California,119743.4502
160,Marketing,228485.9097,California,119743.4502
161,R&D,63354,Florida,103155.6747
161,Administration,119813.5029,Florida,103155.6747
161,Marketing,191020.7552,Florida,103155.6747
162,R&D,43639,California,86313.32028
162,Administration,116901.9019,California,86313.32028
162,Marketing,152980.6088,California,86313.32028
163,R&D,66303,Florida,105674.9799
163,Administration,120249.0247,Florida,105674.9799
163,Marketing,196710.8587,Florida,105674.9799
164,R&D,120844,California,152268.8856
164,Administration,128303.888,California,152268.8856
164,Marketing,301947.8672,California,152268.8856
165,R&D,61968,Florida,101971.6268
165,Administration,119608.8121,Florida,101971.6268
165,Marketing,188346.4644,Florida,101971.6268
166,R&D,137388,"New York",166402.282
166,Administration,130747.1813,"New York",166402.282
166,Marketing,333869.5604,"New York",166402.282
167,R&D,41818,California,84757.65569
167,Administration,116632.9683,California,84757.65569
167,Marketing,149466.9844,California,84757.65569
168,R&D,109162,"New York",142289.0538
168,Administration,126578.637,"New York",142289.0538
168,Marketing,279407.4163,"New York",142289.0538
169,R&D,124648,Florida,155518.6099
169,Administration,128865.68,Florida,155518.6099
169,Marketing,309287.6956,Florida,155518.6099
170,R&D,150584,"New York",177675.5109
170,Administration,132696.0267,"New York",177675.5109
170,Marketing,359331.2784,"New York",177675.5109
171,R&D,72698,California,111138.1732
171,Administration,121193.4674,California,111138.1732
171,Marketing,209050.0287,California,111138.1732
172,R&D,109398,"New York",142490.6665
172,Administration,126613.4906,"New York",142490.6665
172,Marketing,279862.7789,"New York",142490.6665
173,R&D,19644,Florida,65814.59883
173,Administration,113358.211,Florida,65814.59883
173,Marketing,106682.1908,Florida,65814.59883
174,R&D,46632,Florida,88870.21435
174,Administration,117343.9218,Florida,88870.21435
174,Marketing,158755.6105,Florida,88870.21435
175,R&D,89242,"New York",125271.5697
175,Administration,123636.7607,"New York",125271.5697
175,Marketing,240971.7219,"New York",125271.5697
176,R&D,133947,California,163462.6654
176,Administration,130238.9987,California,163462.6654
176,Marketing,327230.1415,California,163462.6654
177,R&D,123502,Florida,154539.592
177,Administration,128696.4335,Florida,154539.592
177,Marketing,307076.4854,Florida,154539.592
178,R&D,119535,"New York",151150.6182
178,Administration,128110.5689,"New York",151150.6182
178,Marketing,299422.1481,"New York",151150.6182
179,R&D,151311,Florida,178296.5808
179,Administration,132803.3933,Florida,178296.5808
179,Marketing,360734.0269,Florida,178296.5808
180,R&D,67153,"New York",106401.1276
180,Administration,120374.5565,"New York",106401.1276
180,Marketing,198350.9361,"New York",106401.1276
181,R&D,32321,Florida,76644.45054
181,Administration,115230.4081,Florida,76644.45054
181,Marketing,131142.4969,Florida,76644.45054
182,R&D,71633,"New York",110228.3529
182,Administration,121036.1833,"New York",110228.3529
182,Marketing,206995.1083,"New York",110228.3529
183,R&D,86080,California,122570.3004
183,Administration,123169.7821,California,122570.3004
183,Marketing,234870.6342,California,122570.3004
184,R&D,6055,Florida,54205.63339
184,Administration,111351.3256,Florida,54205.63339
184,Marketing,80462.17821,Florida,54205.63339
185,R&D,29050,California,73850.06347
185,Administration,114747.3319,California,73850.06347
185,Marketing,124831.0935,California,73850.06347
186,R&D,79974,"New York",117353.9972
186,Administration,122268.0202,"New York",117353.9972
186,Marketing,223089.0906,"New York",117353.9972
187,R&D,17303,Florida,63814.70273
187,Administration,113012.4814,Florida,63814.70273
187,Marketing,102165.2249,Florida,63814.70273
188,R&D,21265,California,67199.40514
188,Administration,113597.6077,California,67199.40514
188,Marketing,109809.9147,California,67199.40514
189,R&D,154934,"New York",181391.6784
189,Administration,133338.4545,"New York",181391.6784
189,Marketing,367724.6153,"New York",181391.6784
190,R&D,155120,California,181550.5766
190,Administration,133365.9238,California,181550.5766
190,Marketing,368083.5028,California,181550.5766
191,R&D,126307,California,156935.8793
191,Administration,129110.6887,California,156935.8793
191,Marketing,312488.7406,California,156935.8793
192,R&D,155154,Florida,181579.6225
192,Administration,133370.9451,Florida,181579.6225
192,Marketing,368149.1059,Florida,181579.6225
193,R&D,53078,California,94376.97653
193,Administration,118295.8964,California,94376.97653
193,Marketing,171193.1851,California,94376.97653
194,R&D,31835,"New York",76229.26494
194,Administration,115158.6334,"New York",76229.26494
194,Marketing,130204.7586,"New York",76229.26494
195,R&D,47467,California,89583.54765
195,Administration,117467.2384,California,89583.54765
195,Marketing,160366.7453,California,89583.54765
196,R&D,149605,"New York",176839.1597
196,Administration,132551.4435,"New York",176839.1597
196,Marketing,357442.2952,"New York",176839.1597
197,R&D,75555,Florida,113578.8837
197,Administration,121615.4022,Florida,113578.8837
197,Marketing,214562.618,Florida,113578.8837
198,R&D,29784,California,74477.11333
198,Administration,114855.7324,California,74477.11333
198,Marketing,126247.3485,California,74477.11333
199,R&D,46373,"New York",88648.95289
199,Administration,117305.6715,"New York",88648.95289
199,Marketing,158255.8693,"New York",88648.95289
200,R&D,52714,California,94066.01447
200,Administration,118242.1392,California,94066.01447
200,Marketing,170490.8461,California,94066.01447
201,R&D,114529,California,146874.0356
201,Administration,127371.26,California,146874.0356
201,Marketing,289763.0574,California,146874.0356
202,R&D,134049,Florida,163549.8031
202,Administration,130254.0625,Florida,163549.8031
202,Marketing,327426.9507,Florida,163549.8031
203,R&D,105163,"New York",138872.7426
203,Administration,125988.0465,"New York",138872.7426
203,Marketing,271691.3349,"New York",138872.7426
204,R&D,84807,Florida,121482.7874
204,Administration,122981.7797,Florida,121482.7874
204,Marketing,232414.3773,Florida,121482.7874
205,R&D,47480,"New York",89594.65343
205,Administration,117469.1583,"New York",89594.65343
205,Marketing,160391.8288,"New York",89594.65343
206,R&D,52985,California,94297.52743
206,Administration,118282.1617,California,94297.52743
206,Marketing,171013.7414,California,94297.52743
207,R&D,129319,Florida,159509.0049
207,Administration,129555.5146,Florida,159509.0049
207,Marketing,318300.4028,Florida,159509.0049
208,R&D,37618,"New York",81169.63193
208,Administration,116012.6932,"New York",81169.63193
208,Marketing,141363.0729,"New York",81169.63193
209,R&D,80380,California,117700.8395
209,Administration,122327.9801,California,117700.8395
209,Marketing,223872.4687,California,117700.8395
210,R&D,14469,Florida,61393.64099
210,Administration,112593.9434,Florida,61393.64099
210,Marketing,96697.01419,Florida,61393.64099
211,R&D,141203,California,169661.4036
211,Administration,131310.5978,California,169661.4036
211,Marketing,341230.6133,California,169661.4036
212,R&D,143533,Florida,171651.9025
212,Administration,131654.7029,Florida,171651.9025
212,Marketing,345726.3546,Florida,171651.9025
213,R&D,92746,California,128265.0066
213,Administration,124154.2473,California,128265.0066
213,Marketing,247732.6995,California,128265.0066
214,R&D,30713,Florida,75270.75002
214,Administration,114992.9313,Florida,75270.75002
214,Marketing,128039.8566,Florida,75270.75002
215,R&D,70966,"New York",109658.5406
215,Administration,120937.6777,"New York",109658.5406
215,Marketing,205708.13,"New York",109658.5406
216,R&D,113478,California,145976.1753
216,Administration,127216.0435,California,145976.1753
216,Marketing,287735.1501,California,145976.1753
217,R&D,5107,"New York",53395.76517
217,Administration,111211.3206,"New York",53395.76517
217,Marketing,78633.00963,"New York",53395.76517
218,R&D,111210,Florida,144038.6425
218,Administration,126881.095,Florida,144038.6425
218,Marketing,283359.0379,Florida,144038.6425
219,R&D,6166,"New York",54300.45973
219,Administration,111367.7186,"New York",54300.45973
219,Marketing,80676.35302,"New York",54300.45973
220,R&D,10758,California,58223.36571
220,Administration,112045.886,California,58223.36571
220,Marketing,89536.62956,California,58223.36571
221,R&D,19870,"New York",66007.66868
221,Administration,113391.5877,"New York",66007.66868
221,Marketing,107118.2584,"New York",66007.66868
222,R&D,84817,Florida,121491.3304
222,Administration,122983.2565,Florida,121491.3304
222,Marketing,232433.6723,Florida,121491.3304
223,R&D,47856,Florida,89915.86699
223,Administration,117524.6877,Florida,89915.86699
223,Marketing,161117.3219,Florida,89915.86699
224,R&D,155761,"New York",182098.1774
224,Administration,133460.5896,"New York",182098.1774
224,Marketing,369320.314,"New York",182098.1774
225,R&D,22390,California,68160.48294
225,Administration,113763.7528,California,68160.48294
225,Marketing,111980.6053,California,68160.48294
226,R&D,102474,Florida,136575.5531
226,Administration,125590.9227,Florida,136575.5531
226,Marketing,266502.902,Florida,136575.5531
227,R&D,73031,"New York",111422.6523
227,Administration,121242.6463,"New York",111422.6523
227,Marketing,209692.5531,"New York",111422.6523
228,R&D,108606,Florida,141814.0678
228,Administration,126496.5244,Florida,141814.0678
228,Marketing,278334.6128,Florida,141814.0678
229,R&D,43074,"New York",85830.64565
229,Administration,116818.4601,"New York",85830.64565
229,Marketing,151890.4398,"New York",85830.64565
230,R&D,85328,Florida,121927.8732
230,Administration,123058.7233,Florida,121927.8732
230,Marketing,233419.6482,Florida,121927.8732
231,R&D,55700,"New York",96616.9285
231,Administration,118683.1253,"New York",96616.9285
231,Marketing,176252.3413,"New York",96616.9285
232,R&D,48759,California,90687.2921
232,Administration,117658.0468,California,90687.2921
232,Marketing,162859.6628,California,90687.2921
233,R&D,124538,Florida,155424.6379
233,Administration,128849.4347,Florida,155424.6379
233,Marketing,309075.4503,Florida,155424.6379
234,R&D,86530,California,122954.7315
234,Administration,123236.2402,California,122954.7315
234,Marketing,235738.9105,California,122954.7315
235,R&D,75098,"New York",113188.4725
235,Administration,121547.9103,"New York",113188.4725
235,Marketing,213680.8353,"New York",113188.4725
236,R&D,134440,Florida,163883.8311
236,Administration,130311.8072,Florida,163883.8311
236,Marketing,328181.3863,Florida,163883.8311
237,R&D,23354,California,68984.01982
237,Administration,113906.1207,California,68984.01982
237,Marketing,113840.646,California,68984.01982
238,R&D,58848,"New York",99306.23774
238,Administration,119148.0363,"New York",99306.23774
238,Marketing,182326.4159,"New York",99306.23774
239,R&D,3854,California,52325.33808
239,Administration,111026.2719,California,52325.33808
239,Marketing,76215.3427,California,52325.33808
240,R&D,11310,California,58694.93455
240,Administration,112127.4079,California,58694.93455
240,Marketing,90601.71506,California,58694.93455
241,R&D,36517,Florida,80229.05713
241,Administration,115850.0925,Florida,80229.05713
241,Marketing,139238.6904,Florida,80229.05713
242,R&D,65189,California,104723.2993
242,Administration,120084.5041,California,104723.2993
242,Marketing,194561.3927,California,104723.2993
243,R&D,2603,"New York",51256.61958
243,Administration,110841.5185,"New York",51256.61958
243,Marketing,73801.53479,"New York",51256.61958
244,R&D,2696,California,51336.06868
244,Administration,110855.2532,California,51336.06868
244,Marketing,73980.97854,California,51336.06868
245,R&D,4908,"New York",53225.76119
245,Administration,111181.9314,"New York",53225.76119
245,Marketing,78249.03858,"New York",53225.76119
246,R&D,18307,Florida,64672.41127
246,Administration,113160.7567,Florida,64672.41127
246,Marketing,104102.4457,Florida,64672.41127
247,R&D,145420,California,173263.9503
247,Administration,131933.3836,California,173263.9503
247,Marketing,349367.3263,California,173263.9503
248,R&D,124967,"New York",155791.1289
248,Administration,128912.7914,"New York",155791.1289
248,Marketing,309903.2069,"New York",155791.1289
249,R&D,81122,California,118334.7237
249,Administration,122437.5621,California,118334.7237
249,Marketing,225304.1597,California,118334.7237
250,R&D,48147,"New York",90164.46578
250,Administration,117567.6639,"New York",90164.46578
250,Marketing,161678.8072,"New York",90164.46578
251,R&D,107504,California,140872.6387
251,Administration,126333.776,California,140872.6387
251,Marketing,276208.3008,California,140872.6387
252,R&D,78966,Florida,116492.8715
252,Administration,122119.1542,Florida,116492.8715
252,Marketing,221144.1518,Florida,116492.8715
253,R&D,11572,"New York",58918.75889
253,Administration,112166.1013,"New York",58918.75889
253,Marketing,91107.24478,"New York",58918.75889
254,R&D,17929,Florida,64349.48913
254,Administration,113104.932,Florida,64349.48913
254,Marketing,103373.0936,Florida,64349.48913
255,R&D,135016,"New York",164375.9029
255,Administration,130396.8735,"New York",164375.9029
255,Marketing,329292.7799,"New York",164375.9029
256,R&D,140499,California,169059.9825
256,Administration,131206.6279,California,169059.9825
256,Marketing,339872.2434,California,169059.9825
257,R&D,70972,Florida,109663.6663
257,Administration,120938.5638,Florida,109663.6663
257,Marketing,205719.707,Florida,109663.6663
258,R&D,23044,"New York",68719.18949
258,Administration,113860.3385,"New York",68719.18949
258,Marketing,113242.5001,"New York",68719.18949
259,R&D,62977,California,102833.6068
259,Administration,119757.8258,California,102833.6068
259,Marketing,190293.3327,California,102833.6068
260,R&D,127949,Florida,158338.6258
260,Administration,129353.1867,Florida,158338.6258
260,Marketing,315656.9841,Florida,158338.6258
261,R&D,140062,California,168686.6571
261,Administration,131142.0898,California,168686.6571
261,Marketing,339029.0507,California,168686.6571
262,R&D,142634,Florida,170883.8945
262,Administration,131521.9344,Florida,170883.8945
262,Marketing,343991.7317,Florida,170883.8945
263,R&D,51407,California,92949.45565
263,Administration,118049.1155,California,92949.45565
263,Marketing,167968.9861,California,92949.45565
264,R&D,71393,Florida,110023.323
264,Administration,121000.739,Florida,110023.323
264,Marketing,206532.0276,Florida,110023.323
265,R&D,90687,"New York",126506.0207
265,Administration,123850.1648,"New York",126506.0207
265,Marketing,243759.8533,"New York",126506.0207
266,R&D,95482,California,130602.3478
266,Administration,124558.3123,California,130602.3478
266,Marketing,253011.8189,California,130602.3478
267,R&D,79898,"New York",117289.0711
267,Administration,122256.7962,"New York",117289.0711
267,Marketing,222942.4484,"New York",117289.0711
268,R&D,80315,Florida,117645.3106
268,Administration,122318.3806,Florida,117645.3106
268,Marketing,223747.051,Florida,117645.3106
269,R&D,116953,"New York",148944.8378
269,Administration,127729.2474,"New York",148944.8378
269,Marketing,294440.1721,"New York",148944.8378
270,R&D,77184,California,114970.5243
270,Administration,121855.9803,California,114970.5243
270,Marketing,217705.778,California,114970.5243
271,R&D,141804,"New York",170174.8327
271,Administration,131399.3563,"New York",170174.8327
271,Marketing,342390.2444,"New York",170174.8327
272,R&D,51183,Florida,92758.09438
272,Administration,118016.0342,Florida,92758.09438
272,Marketing,167536.7775,Florida,92758.09438
273,R&D,109716,Florida,142762.3312
273,Administration,126660.4543,Florida,142762.3312
273,Marketing,280476.3608,Florida,142762.3312
274,R&D,140198,"New York",168802.8408
274,Administration,131162.1749,"New York",168802.8408
274,Marketing,339291.463,"New York",168802.8408
275,R&D,8318,California,56138.89476
275,Administration,111685.5357,California,56138.89476
275,Marketing,84828.64289,California,56138.89476
276,R&D,130650,Florida,160646.0668
276,Administration,129752.0827,Florida,160646.0668
276,Marketing,320868.571,Florida,160646.0668
277,R&D,132796,"New York",162479.376
277,Administration,130069.0138,"New York",162479.376
277,Marketing,325009.2838,"New York",162479.376
278,R&D,114589,Florida,146925.293
278,Administration,127380.1211,Florida,146925.293
278,Marketing,289878.8276,Florida,146925.293
279,R&D,14349,"New York",61291.12602
279,Administration,112576.2213,"New York",61291.12602
279,Marketing,96465.47386,"New York",61291.12602
280,R&D,74459,Florida,112642.5803
280,Administration,121453.5399,Florida,112642.5803
280,Marketing,212447.883,Florida,112642.5803
281,R&D,78709,"New York",116273.3187
281,Administration,122081.1992,"New York",116273.3187
281,Marketing,220648.2696,"New York",116273.3187
282,R&D,70529,California,109285.2152
282,Administration,120873.1396,California,109285.2152
282,Marketing,204864.9373,California,109285.2152
283,R&D,63481,Florida,103264.1697
283,Administration,119832.2588,Florida,103264.1697
283,Marketing,191265.802,Florida,103264.1697
284,R&D,12968,California,60111.34964
284,Administration,112372.2689,California,60111.34964
284,Marketing,93800.83059,California,60111.34964
285,R&D,7251,"New York",55227.36587
285,Administration,111527.9563,"New York",55227.36587
285,Marketing,82769.86348,"New York",55227.36587
286,R&D,28913,Florida,73733.02555
286,Administration,114727.0991,Florida,73733.02555
286,Marketing,124566.7516,Florida,73733.02555
287,R&D,57470,California,98129.02423
287,Administration,118944.527,California,98129.02423
287,Marketing,179667.5611,California,98129.02423
288,R&D,39280,"New York",82589.46419
288,Administration,116258.1449,"New York",82589.46419
288,Marketing,144569.9064,"New York",82589.46419
289,R&D,140284,California,168876.3098
289,Administration,131174.8757,California,168876.3098
289,Marketing,339457.4003,California,168876.3098
290,R&D,65509,California,104996.6726
290,Administration,120131.7631,California,104996.6726
290,Marketing,195178.8336,California,104996.6726
291,R&D,115538,Florida,147736.0156
291,Administration,127520.2737,Florida,147736.0156
291,Marketing,291709.9257,Florida,147736.0156
292,R&D,155075,California,181512.1335
292,Administration,133359.278,California,181512.1335
292,Marketing,367996.6752,California,181512.1335
293,R&D,54112,"New York",95260.31381
293,Administration,118448.6022,"New York",95260.31381
293,Marketing,173188.2909,"New York",95260.31381
294,R&D,50269,California,91977.27207
294,Administration,117881.0505,California,91977.27207
294,Marketing,165773.212,California,91977.27207
295,R&D,90441,"New York",126295.865
295,Administration,123813.8344,"New York",126295.865
295,Marketing,243285.1957,"New York",126295.865
296,R&D,146667,Florida,174329.2516
296,Administration,132117.5463,Florida,174329.2516
296,Marketing,351773.4162,Florida,174329.2516
297,R&D,81041,California,118265.5261
297,Administration,122425.5996,California,118265.5261
297,Marketing,225147.87,California,118265.5261
298,R&D,122666,"New York",153825.4044
298,Administration,128572.9692,"New York",153825.4044
298,Marketing,305463.4212,"New York",153825.4044
299,R&D,52746,California,94093.35179
299,Administration,118246.8651,California,94093.35179
299,Marketing,170552.5902,California,94093.35179
300,R&D,139181,California,167934.0264
300,Administration,131011.9797,California,167934.0264
300,Marketing,337329.1588,California,167934.0264
301,R&D,63457,Florida,103243.6667
301,Administration,119828.7144,Florida,103243.6667
301,Marketing,191219.494,Florida,103243.6667
302,R&D,130989,"New York",160935.6715
302,Administration,129802.1478,"New York",160935.6715
302,Marketing,321522.6724,"New York",160935.6715
303,R&D,67877,Florida,107019.6345
303,Administration,120481.4801,Florida,107019.6345
303,Marketing,199747.896,Florida,107019.6345
304,R&D,145505,"New York",173336.5651
304,Administration,131945.9368,"New York",173336.5651
304,Marketing,349531.334,"New York",173336.5651
305,R&D,28236,California,73154.67029
305,Administration,114627.1167,California,73154.67029
305,Marketing,123260.4783,California,73154.67029
306,R&D,113363,Florida,145877.9318
306,Administration,127199.0598,Florida,145877.9318
306,Marketing,287513.2573,Florida,145877.9318
307,R&D,134787,"New York",164180.2702
307,Administration,130363.0537,"New York",164180.2702
307,Marketing,328850.9238,"New York",164180.2702
308,R&D,158727,California,184632.0056
308,Administration,133898.622,California,184632.0056
308,Marketing,375043.2191,California,184632.0056
309,R&D,120520,Florida,151992.0952
309,Administration,128256.0382,Florida,151992.0952
309,Marketing,301322.7083,Florida,151992.0952
310,R&D,60472,California,100693.6069
310,Administration,119387.876,California,100693.6069
310,Marketing,185459.9283,California,100693.6069
311,R&D,154106,Florida,180684.3252
311,Administration,133216.1717,Florida,180684.3252
311,Marketing,366126.987,Florida,180684.3252
312,R&D,40219,California,83391.64379
312,Administration,116396.8207,California,83391.64379
312,Marketing,146381.7095,California,83391.64379
313,R&D,84406,Florida,121140.2166
313,Administration,122922.5582,Florida,121140.2166
313,Marketing,231640.6467,Florida,121140.2166
314,R&D,20629,"New York",66656.07583
314,Administration,113503.6803,"New York",66656.07583
314,Marketing,108582.751,"New York",66656.07583
315,R&D,87536,California,123814.1486
315,Administration,123384.8108,California,123814.1486
315,Marketing,237679.9902,California,123814.1486
316,R&D,118530,"New York",150292.0553
316,Administration,127962.1459,"New York",150292.0553
316,Marketing,297482.9979,"New York",150292.0553
317,R&D,129325,Florida,159514.1307
317,Administration,129556.4007,Florida,159514.1307
317,Marketing,318311.9798,Florida,159514.1307
318,R&D,44466,"New York",87019.81924
318,Administration,117024.037,"New York",87019.81924
318,Marketing,154576.3076,"New York",87019.81924
319,R&D,55907,California,96793.76682
319,Administration,118713.696,California,96793.76682
319,Marketing,176651.7484,California,96793.76682
320,R&D,65694,"New York",105154.7165
320,Administration,120159.0848,"New York",105154.7165
320,Marketing,195535.7916,"New York",105154.7165
321,R&D,148622,Florida,175999.3913
321,Administration,132406.2696,Florida,175999.3913
321,Marketing,355545.594,Florida,175999.3913
322,R&D,140627,Florida,169169.3318
322,Administration,131225.5315,Florida,169169.3318
322,Marketing,340119.2197,Florida,169169.3318
323,R&D,156713,"New York",182911.4628
323,Administration,133601.1853,"New York",182911.4628
323,Marketing,371157.2006,"New York",182911.4628
324,R&D,100606,California,134979.7368
324,Administration,125315.048,California,134979.7368
324,Marketing,262898.5909,California,134979.7368
325,R&D,24830,Florida,70244.95388
325,Administration,114124.1031,Florida,70244.95388
325,Marketing,116688.592,Florida,70244.95388
326,R&D,141159,"New York",169623.8148
326,Administration,131304.0997,"New York",169623.8148
326,Marketing,341145.7152,"New York",169623.8148
327,R&D,101587,Florida,135817.7966
327,Administration,125459.9265,Florida,135817.7966
327,Marketing,264791.4331,Florida,135817.7966
328,R&D,1215,"New York",50070.86316
328,Administration,110636.5323,"New York",50070.86316
328,Marketing,71123.385,"New York",50070.86316
329,R&D,13269,Florida,60368.49134
329,Administration,112416.722,Florida,60368.49134
329,Marketing,94381.61091,Florida,60368.49134
330,R&D,155679,"New York",182028.1255
330,Administration,133448.4795,"New York",182028.1255
330,Marketing,369162.0948,"New York",182028.1255
331,R&D,50634,California,92289.08842
331,Administration,117934.9554,California,92289.08842
331,Marketing,166477.4805,California,92289.08842
332,R&D,158637,Florida,184555.1194
332,Administration,133885.3304,Florida,184555.1194
332,Marketing,374869.5639,Florida,184555.1194
333,R&D,101322,California,135591.4094
333,Administration,125420.7901,California,135591.4094
333,Marketing,264280.1149,California,135591.4094
334,R&D,28980,"New York",73790.26307
